{"cameraMode":{"drawMode":0,"name":"Shaded","section":"Shading Mode"},"sceneLighting":false,"audioPlay":false,"sceneViewState":{"showFog":true,"showMaterialUpdate":false,"showSkybox":false,"showFlares":true,"showImageEffects":true,"showParticleSystems":true},"in2DMode":false,"pivot":{"x":499.9484558105469,"y":4.402721405029297,"z":5.736971855163574},"rotation":{"x":-0.21437038481235505,"y":0.23806259036064149,"z":-0.05396110564470291,"w":-0.9457616806030273},"size":19.474754333496095,"orthographic":false}