{"cameraMode":{"drawMode":0,"name":"Shaded","section":"Shading Mode"},"sceneLighting":false,"audioPlay":false,"sceneViewState":{"showFog":true,"showMaterialUpdate":false,"showSkybox":false,"showFlares":true,"showImageEffects":true,"showParticleSystems":true},"in2DMode":false,"pivot":{"x":3.608245849609375,"y":1.9218099117279053,"z":158.860595703125},"rotation":{"x":-0.008295770734548569,"y":-0.9925765991210938,"z":0.05729903653264046,"w":-0.10740318149328232},"size":11.361577987670899,"orthographic":false}