{"cameraMode":{"drawMode":0,"name":"Shaded","section":"Shading Mode"},"sceneLighting":false,"audioPlay":false,"sceneViewState":{"showFog":true,"showMaterialUpdate":false,"showSkybox":false,"showFlares":true,"showImageEffects":true,"showParticleSystems":true},"in2DMode":false,"pivot":{"x":353.9954528808594,"y":161.10794067382813,"z":-212.28689575195313},"rotation":{"x":-0.0036006735172122719,"y":-0.0032410838175565006,"z":-0.000023227330530062318,"w":0.9999992847442627},"size":1018.7630615234375,"orthographic":false}