{"cameraMode":{"drawMode":0,"name":"Shaded","section":"Shading Mode"},"sceneLighting":false,"audioPlay":false,"sceneViewState":{"showFog":true,"showMaterialUpdate":false,"showSkybox":false,"showFlares":true,"showImageEffects":true,"showParticleSystems":true},"in2DMode":false,"pivot":{"x":210.98001098632813,"y":67.83999633789063,"z":-1817.0},"rotation":{"x":0.03218640014529228,"y":0.9629080891609192,"z":-0.1208709180355072,"w":0.23927205801010133},"size":184.4829864501953,"orthographic":false}