{"cameraMode":{"drawMode":0,"name":"Shaded","section":"Shading Mode"},"sceneLighting":false,"audioPlay":false,"sceneViewState":{"showFog":true,"showMaterialUpdate":false,"showSkybox":false,"showFlares":true,"showImageEffects":true,"showParticleSystems":true},"in2DMode":false,"pivot":{"x":499.9484558105469,"y":4.402721405029297,"z":5.736971855163574},"rotation":{"x":0.017100855708122255,"y":0.00959079060703516,"z":0.0001631588238524273,"w":-0.9998182058334351},"size":19.474754333496095,"orthographic":false}