{"cameraMode":{"drawMode":0,"name":"Shaded","section":"Shading Mode"},"sceneLighting":false,"audioPlay":false,"sceneViewState":{"showFog":true,"showMaterialUpdate":false,"showSkybox":false,"showFlares":true,"showImageEffects":true,"showParticleSystems":true},"in2DMode":false,"pivot":{"x":499.9484558105469,"y":4.402721405029297,"z":5.736971855163574},"rotation":{"x":-0.00031911086989566684,"y":-0.999715268611908,"z":-0.018598726019263269,"w":0.016238773241639139},"size":19.474754333496095,"orthographic":false}