{"cameraMode":{"drawMode":0,"name":"Shaded","section":"Shading Mode"},"sceneLighting":false,"audioPlay":false,"sceneViewState":{"showFog":true,"showMaterialUpdate":false,"showSkybox":false,"showFlares":true,"showImageEffects":true,"showParticleSystems":true},"in2DMode":false,"pivot":{"x":502.34503173828127,"y":16.12314224243164,"z":3012.283203125},"rotation":{"x":0.0428268238902092,"y":0.049836888909339908,"z":-0.0022839338053017856,"w":0.9978877902030945},"size":111.16455078125,"orthographic":false}