{"cameraMode":{"drawMode":0,"name":"Shaded","section":"Shading Mode"},"sceneLighting":false,"audioPlay":false,"sceneViewState":{"showFog":true,"showMaterialUpdate":false,"showSkybox":false,"showFlares":true,"showImageEffects":true,"showParticleSystems":true},"in2DMode":false,"pivot":{"x":-0.8009997606277466,"y":0.7312239408493042,"z":-0.05099987983703613},"rotation":{"x":-0.21479827165603639,"y":-0.20280760526657105,"z":0.04564735293388367,"w":-0.9542815089225769},"size":9.752187728881836,"orthographic":false}