{"cameraMode":{"drawMode":0,"name":"Shaded","section":"Shading Mode"},"sceneLighting":false,"audioPlay":false,"sceneViewState":{"showFog":true,"showMaterialUpdate":false,"showSkybox":false,"showFlares":true,"showImageEffects":true,"showParticleSystems":true},"in2DMode":false,"pivot":{"x":500.0,"y":9.872642517089844,"z":500.260009765625},"rotation":{"x":0.05633152648806572,"y":-0.011492333374917508,"z":0.0027855131775140764,"w":0.9983618855476379},"size":40.468807220458987,"orthographic":false}