{"cameraMode":{"drawMode":0,"name":"Shaded","section":"Shading Mode"},"sceneLighting":false,"audioPlay":false,"sceneViewState":{"showFog":true,"showMaterialUpdate":false,"showSkybox":false,"showFlares":true,"showImageEffects":true,"showParticleSystems":true},"in2DMode":false,"pivot":{"x":499.96160888671877,"y":7.453268051147461,"z":32.0621223449707},"rotation":{"x":-0.08978602290153504,"y":0.7970619201660156,"z":-0.1224168986082077,"w":-0.5845464468002319},"size":13.23769474029541,"orthographic":false}