{"cameraMode":{"drawMode":0,"name":"Shaded","section":"Shading Mode"},"sceneLighting":false,"audioPlay":false,"sceneViewState":{"showFog":true,"showMaterialUpdate":false,"showSkybox":false,"showFlares":true,"showImageEffects":true,"showParticleSystems":true},"in2DMode":false,"pivot":{"x":500.9859313964844,"y":3.5416436195373537,"z":983.2013549804688},"rotation":{"x":-0.08507511764764786,"y":0.6857398152351379,"z":-0.08123402297496796,"w":-0.7183186411857605},"size":63.77587890625,"orthographic":false}