{"cameraMode":{"drawMode":0,"name":"Shaded","section":"Shading Mode"},"sceneLighting":false,"audioPlay":false,"sceneViewState":{"showFog":true,"showMaterialUpdate":false,"showSkybox":false,"showFlares":true,"showImageEffects":true,"showParticleSystems":true},"in2DMode":false,"pivot":{"x":505.4632263183594,"y":4.9588117599487309,"z":2087.39013671875},"rotation":{"x":0.26742416620254519,"y":-0.12271863222122193,"z":0.03436361998319626,"w":0.9551185369491577},"size":84.62590789794922,"orthographic":false}