{"cameraMode":{"drawMode":0,"name":"Shaded","section":"Shading Mode"},"sceneLighting":false,"audioPlay":false,"sceneViewState":{"showFog":true,"showMaterialUpdate":false,"showSkybox":false,"showFlares":true,"showImageEffects":true,"showParticleSystems":true},"in2DMode":false,"pivot":{"x":504.04827880859377,"y":9.41538143157959,"z":5932.18408203125},"rotation":{"x":0.26742416620254519,"y":-0.12271863222122193,"z":0.03436361998319626,"w":0.9551185369491577},"size":85.80792999267578,"orthographic":false}