{"cameraMode":{"drawMode":0,"name":"Shaded","section":"Shading Mode"},"sceneLighting":false,"audioPlay":false,"sceneViewState":{"showFog":true,"showMaterialUpdate":false,"showSkybox":false,"showFlares":true,"showImageEffects":true,"showParticleSystems":true},"in2DMode":false,"pivot":{"x":499.6632080078125,"y":28.81352424621582,"z":199.3095703125},"rotation":{"x":-0.13715165853500367,"y":0.13645745813846589,"z":-0.018981503322720529,"w":-0.9809569120407105},"size":18.3552303314209,"orthographic":false}