{"cameraMode":{"drawMode":0,"name":"Shaded","section":"Shading Mode"},"sceneLighting":false,"audioPlay":false,"sceneViewState":{"showFog":true,"showMaterialUpdate":false,"showSkybox":false,"showFlares":true,"showImageEffects":true,"showParticleSystems":true},"in2DMode":false,"pivot":{"x":500.0086364746094,"y":2.0664052963256838,"z":50.0},"rotation":{"x":0.00837622955441475,"y":-0.08051679283380509,"z":0.0006341346888802946,"w":0.9967484474182129},"size":26.842897415161134,"orthographic":false}