{"cameraMode":{"drawMode":0,"name":"Shaded","section":"Shading Mode"},"sceneLighting":false,"audioPlay":false,"sceneViewState":{"showFog":true,"showMaterialUpdate":false,"showSkybox":false,"showFlares":true,"showImageEffects":true,"showParticleSystems":true},"in2DMode":false,"pivot":{"x":0.2170122265815735,"y":0.5671389102935791,"z":-0.06051981449127197},"rotation":{"x":-0.18685145676136018,"y":0.0679454654455185,"z":-0.012868264690041542,"w":-0.9799862504005432},"size":5.5634026527404789,"orthographic":false}