{"cameraMode":{"drawMode":0,"name":"Shaded","section":"Shading Mode"},"sceneLighting":false,"audioPlay":false,"sceneViewState":{"showFog":true,"showMaterialUpdate":false,"showSkybox":false,"showFlares":true,"showImageEffects":true,"showParticleSystems":true},"in2DMode":false,"pivot":{"x":501.6199951171875,"y":9.449999809265137,"z":49.80000305175781},"rotation":{"x":0.19319979846477509,"y":0.6387781500816345,"z":-0.17019672691822053,"w":0.7250731587409973},"size":171.71063232421876,"orthographic":false}