{"cameraMode":{"drawMode":0,"name":"Shaded","section":"Shading Mode"},"sceneLighting":false,"audioPlay":false,"sceneViewState":{"showFog":true,"showMaterialUpdate":false,"showSkybox":false,"showFlares":true,"showImageEffects":true,"showParticleSystems":true},"in2DMode":false,"pivot":{"x":67.9244384765625,"y":663.5501708984375,"z":0.0},"rotation":{"x":-0.0021027899347245695,"y":0.0036769367288798095,"z":0.0021519698202610018,"w":1.0000183582305909},"size":157.63412475585938,"orthographic":false}