{"cameraMode":{"drawMode":0,"name":"Shaded","section":"Shading Mode"},"sceneLighting":false,"audioPlay":false,"sceneViewState":{"showFog":true,"showMaterialUpdate":false,"showSkybox":false,"showFlares":true,"showImageEffects":true,"showParticleSystems":true},"in2DMode":false,"pivot":{"x":-0.17805695533752442,"y":-0.241606205701828,"z":0.20096564292907716},"rotation":{"x":-0.06083759292960167,"y":0.027538113296031953,"z":-0.0016816860297694803,"w":-0.9977733492851257},"size":11.270986557006836,"orthographic":false}